{"resourceType":"Questionnaire","language":"en-US","title":"EQ-5D-5L: Patient Physical Health Questionnaire","status":"draft","publisher":"Stanford Biodesign Digital Health","meta":{"profile":["http://spezi.health/fhir/StructureDefinition/sdf-Questionnaire"],"tag":[{"system":"urn:ietf:bcp:47","code":"en-US","display":"English"}]},"useContext":[{"code":{"system":"http://hl7.org/fhir/ValueSet/usage-context-type","code":"focus","display":"Clinical Focus"},"valueCodeableConcept":{"coding":[{"system":"urn:oid:2.16.578.1.12.4.1.1.8655","display":"EQ-5D-5L: Patient Physical Health Questionnaire"}]}}],"contact":[{"name":"http://spezi.health"}],"subjectType":["Patient"],"url":"http://spezi.health/fhir/questionnaire/e861f1a8-58a7-45db-8a99-53a73f49fea7","item":[{"linkId":"b1cacb3a-e868-451d-db6d-1c27f19b7521","type":"display","text":"Please answer the following questions about your physical health...","required":false},{"linkId":"4efbd9bb-810b-49c4-8e3d-7c283d218a4c","type":"choice","text":"What is your MOBILITY like?","required":true,"answerOption":[{"valueCoding":{"id":"29c6fc8d-68a4-4a2b-8a56-763a737ad2be","code":"0","system":"urn:uuid:d993d03b-b418-4561-98e9-714ea69073ff","display":"I have no problems in walking about"}},{"valueCoding":{"id":"77cc50b1-88c2-4969-fe2d-58366e689d82","code":"1","system":"urn:uuid:d993d03b-b418-4561-98e9-714ea69073ff","display":"I have slight problems in walking about"}},{"valueCoding":{"id":"e4e7f2e6-dad3-4df6-8e45-1efb4409db15","code":"2","system":"urn:uuid:d993d03b-b418-4561-98e9-714ea69073ff","display":"I have moderate problems in walking about"}},{"valueCoding":{"id":"254c50c7-6af1-4a00-b0a6-0634d2c4ac02","code":"3","system":"urn:uuid:d993d03b-b418-4561-98e9-714ea69073ff","display":"I have severe problems in walking about"}},{"valueCoding":{"id":"6b0b9dd3-3a4c-4720-d617-8410987e9ea6","code":"4","system":"urn:uuid:d993d03b-b418-4561-98e9-714ea69073ff","display":"I am unable to walk about"}}]},{"linkId":"722b5b42-e104-4fbd-804a-d5ec75d7976a","type":"choice","text":"What is your SELF-CARE like?","required":true,"answerOption":[{"valueCoding":{"id":"29c6fc8d-68a4-4a2b-8a56-763a737ad2be","code":"0","system":"urn:uuid:d993d03b-b418-4561-98e9-714ea69073ff","display":"I have no problems washing or dressing myself"}},{"valueCoding":{"id":"77cc50b1-88c2-4969-fe2d-58366e689d82","code":"1","system":"urn:uuid:d993d03b-b418-4561-98e9-714ea69073ff","display":"I have slight problems washing or dressing myself"}},{"valueCoding":{"id":"e4e7f2e6-dad3-4df6-8e45-1efb4409db15","code":"2","system":"urn:uuid:d993d03b-b418-4561-98e9-714ea69073ff","display":"I have moderate problems washing or dressing myself"}},{"valueCoding":{"id":"254c50c7-6af1-4a00-b0a6-0634d2c4ac02","code":"3","system":"urn:uuid:d993d03b-b418-4561-98e9-714ea69073ff","display":"I have severe problems washing or dressing myself"}},{"valueCoding":{"id":"6b0b9dd3-3a4c-4720-d617-8410987e9ea6","code":"4","system":"urn:uuid:d993d03b-b418-4561-98e9-714ea69073ff","display":"I am unable to wash or dress myself"}}]},{"linkId":"7e8056af-75e3-4812-d2f5-c816cad6ef85","type":"choice","text":"What are your USUAL ACTIVITIES like? (e.g. work, study, housework, family or leisure activities)","required":true,"answerOption":[{"valueCoding":{"id":"29c6fc8d-68a4-4a2b-8a56-763a737ad2be","code":"0","system":"urn:uuid:d993d03b-b418-4561-98e9-714ea69073ff","display":"I have no problems doing my usual activities"}},{"valueCoding":{"id":"77cc50b1-88c2-4969-fe2d-58366e689d82","code":"1","system":"urn:uuid:d993d03b-b418-4561-98e9-714ea69073ff","display":"I have slight problems doing my usual activities"}},{"valueCoding":{"id":"e4e7f2e6-dad3-4df6-8e45-1efb4409db15","code":"2","system":"urn:uuid:d993d03b-b418-4561-98e9-714ea69073ff","display":"I have moderate problems doing my usual activities"}},{"valueCoding":{"id":"254c50c7-6af1-4a00-b0a6-0634d2c4ac02","code":"3","system":"urn:uuid:d993d03b-b418-4561-98e9-714ea69073ff","display":"I have severe problems doing my usual activities"}},{"valueCoding":{"id":"6b0b9dd3-3a4c-4720-d617-8410987e9ea6","code":"4","system":"urn:uuid:d993d03b-b418-4561-98e9-714ea69073ff","display":"I am unable to do my usual activities"}}]},{"linkId":"de5eeb85-0d9b-497e-8a42-89b7ee101e7a","type":"choice","text":"What is your PAIN / DISCOMFORT like?","required":true,"answerOption":[{"valueCoding":{"id":"29c6fc8d-68a4-4a2b-8a56-763a737ad2be","code":"0","system":"urn:uuid:d993d03b-b418-4561-98e9-714ea69073ff","display":"I have no pain or discomfort"}},{"valueCoding":{"id":"77cc50b1-88c2-4969-fe2d-58366e689d82","code":"1","system":"urn:uuid:d993d03b-b418-4561-98e9-714ea69073ff","display":"I have slight pain or discomfort"}},{"valueCoding":{"id":"e4e7f2e6-dad3-4df6-8e45-1efb4409db15","code":"2","system":"urn:uuid:d993d03b-b418-4561-98e9-714ea69073ff","display":"I have moderate pain or discomfort"}},{"valueCoding":{"id":"254c50c7-6af1-4a00-b0a6-0634d2c4ac02","code":"3","system":"urn:uuid:d993d03b-b418-4561-98e9-714ea69073ff","display":"I have severe pain or discomfort"}},{"valueCoding":{"id":"6b0b9dd3-3a4c-4720-d617-8410987e9ea6","code":"4","system":"urn:uuid:d993d03b-b418-4561-98e9-714ea69073ff","display":"I have extreme pain or discomfort"}}]},{"linkId":"4f0a905f-9a86-4ea2-a957-0f79b2f4ea06","type":"choice","text":"What is your ANXIETY / DEPRESSION like?","required":true,"answerOption":[{"valueCoding":{"id":"29c6fc8d-68a4-4a2b-8a56-763a737ad2be","code":"0","system":"urn:uuid:d993d03b-b418-4561-98e9-714ea69073ff","display":"I am not anxious or depressed"}},{"valueCoding":{"id":"77cc50b1-88c2-4969-fe2d-58366e689d82","code":"1","system":"urn:uuid:d993d03b-b418-4561-98e9-714ea69073ff","display":"I am slightly anxious or depressed"}},{"valueCoding":{"id":"e4e7f2e6-dad3-4df6-8e45-1efb4409db15","code":"2","system":"urn:uuid:d993d03b-b418-4561-98e9-714ea69073ff","display":"I am moderately anxious or depressed"}},{"valueCoding":{"id":"254c50c7-6af1-4a00-b0a6-0634d2c4ac02","code":"3","system":"urn:uuid:d993d03b-b418-4561-98e9-714ea69073ff","display":"I am severely anxious or depressed"}},{"valueCoding":{"id":"6b0b9dd3-3a4c-4720-d617-8410987e9ea6","code":"4","system":"urn:uuid:d993d03b-b418-4561-98e9-714ea69073ff","display":"I am severely anxious or depressed"}}]},{"linkId":"5c4788ea-c68b-47fd-8ecc-fb08f3f677a8","type":"integer","extension":[{"url":"http://hl7.org/fhir/StructureDefinition/maxValue","valueInteger":100},{"url":"http://ehelse.no/fhir/StructureDefinition/validationtext","valueString":"Please enter a range between 0 and 100!"},{"url":"http://hl7.org/fhir/StructureDefinition/questionnaire-itemControl","valueCodeableConcept":{"coding":[{"system":"http://hl7.org/fhir/questionnaire-item-control","code":"slider","display":"Slider"}]}},{"url":"http://hl7.org/fhir/StructureDefinition/minValue","valueInteger":0},{"url":"http://hl7.org/fhir/StructureDefinition/questionnaire-sliderStepValue","valueInteger":20}],"required":true,"text":"We would like to know how good or bad your health is TODAY.\n• The scale is numbered from 0 to 100.\n• 100 means the best health you can imagine.\n• 0 means the worst health you can imagine.\n• Please mark the number that represents your health on the scale below."}]}
