{"title":"Onboarding Survey","resourceType":"Questionnaire","language":"en-US","status":"draft","publisher":"Stanford Biodesign Digital Health","meta":{"profile":["http://spezi.health/fhir/StructureDefinition/sdf-Questionnaire"],"tag":[{"system":"urn:ietf:bcp:47","code":"en-US","display":"English"}]},"useContext":[{"code":{"system":"http://hl7.org/fhir/ValueSet/usage-context-type","code":"focus","display":"Clinical Focus"},"valueCodeableConcept":{"coding":[{"system":"urn:oid:2.16.578.1.12.4.1.1.8655","display":"Onboarding Survey"}]}}],"contact":[{"name":"http://spezi.health"}],"subjectType":["Patient"],"url":"http://spezi.health/fhir/questionnaire/4846c2b6-84f5-4154-8e9b-92d3a0ea101d","item":[{"linkId":"57544351-981e-4bc0-8202-81baa7a515cf","type":"display","text":"In order to better assess your current physical and psychological well-being, we need to collect some basic information in different areas. ","required":false},{"linkId":"62233356-ef0d-4e83-b90d-db2d54f75d95","type":"choice","text":"Gender","required":true,"answerOption":[{"valueCoding":{"id":"90e4af7d-fb60-4209-8b98-81b62bdb73f5","code":"male","system":"urn:uuid:f2555f86-0fb2-491b-abb0-2339f8411c5b","display":"Male"}},{"valueCoding":{"id":"c4baf7b8-9690-4b3c-8668-982b90f9220a","code":"female","system":"urn:uuid:f2555f86-0fb2-491b-abb0-2339f8411c5b","display":"Female"}},{"valueCoding":{"id":"e6dd8c90-95f7-4d8a-9503-2a542a159cb9","code":"other","system":"urn:uuid:f2555f86-0fb2-491b-abb0-2339f8411c5b","display":"Other"}}]},{"linkId":"48b5965b-b68e-4266-8e1c-1b7832be2773","type":"integer","text":"Age","required":true},{"linkId":"a6a4321a-609a-41e9-dc59-f81d6772a40a","type":"integer","text":"Height (cm)","required":true},{"linkId":"737e8c57-e3b4-4015-8787-815467cfd886","type":"integer","text":"Weight (kg)","required":true},{"linkId":"275ecc49-06b4-470d-8751-993b7cbb22d1","type":"integer","text":"Need for Care","extension":[{"url":"http://hl7.org/fhir/StructureDefinition/questionnaire-itemControl","valueCodeableConcept":{"coding":[{"system":"http://hl7.org/fhir/questionnaire-item-control","code":"slider","display":"Slider"}]}},{"url":"http://hl7.org/fhir/StructureDefinition/minValue","valueInteger":1},{"url":"http://hl7.org/fhir/StructureDefinition/maxValue","valueInteger":5},{"url":"http://hl7.org/fhir/StructureDefinition/questionnaire-sliderStepValue","valueInteger":1}],"required":true},{"linkId":"a87c831f-c9af-4cf6-8782-009d5d250827","type":"integer","text":"Degree of Disability","extension":[{"url":"http://hl7.org/fhir/StructureDefinition/questionnaire-itemControl","valueCodeableConcept":{"coding":[{"system":"http://hl7.org/fhir/questionnaire-item-control","code":"slider","display":"Slider"}]}},{"url":"http://hl7.org/fhir/StructureDefinition/minValue","valueInteger":0},{"url":"http://hl7.org/fhir/StructureDefinition/maxValue","valueInteger":100},{"url":"http://hl7.org/fhir/StructureDefinition/questionnaire-sliderStepValue","valueInteger":10}],"required":true},{"linkId":"4e05da2e-f11a-4120-9baa-e38039d98f4f","type":"choice","text":"Were you able to return to your original job after the intensive care unit/serious illness?","required":true,"answerOption":[{"valueCoding":{"id":"bf350307-5eda-40b0-8039-b4b347dfcd8d","code":"yes","system":"urn:uuid:2690f1cb-41d4-4c88-bf50-7a9b8edafa01","display":"Yes"}},{"valueCoding":{"id":"947c70c6-c147-437b-f493-ef553c54b866","code":"no","system":"urn:uuid:2690f1cb-41d4-4c88-bf50-7a9b8edafa01","display":"No"}},{"valueCoding":{"id":"ec6e697f-ba69-4ac3-85c5-ec1dbbc115d9","code":"not-applicable","system":"urn:uuid:2690f1cb-41d4-4c88-bf50-7a9b8edafa01","display":"Not Applicable"}},{"valueCoding":{"id":"18ea0b3e-7989-45ef-b4e4-c2351e0c73ed","code":"i-am-retired","system":"urn:uuid:2690f1cb-41d4-4c88-bf50-7a9b8edafa01","display":"I am retired"}}]},{"linkId":"1006500f-6bd3-4077-acf5-1536014cad68","type":"choice","text":"Marital Status","required":true,"answerOption":[{"valueCoding":{"id":"9fdad7db-ac20-451e-890d-d4a5dd14cadf","code":"single","system":"urn:uuid:2a72d108-bcc3-4ce2-89b9-ab7ff6fc8fb5","display":"Single"}},{"valueCoding":{"id":"bd892d60-6445-43f5-d549-fbe38f7e7ec1","code":"married/partnership","system":"urn:uuid:2a72d108-bcc3-4ce2-89b9-ab7ff6fc8fb5","display":"Married/Partnership"}},{"valueCoding":{"id":"0315e5a7-a3f2-46d3-b58e-bb2c5d3959d9","code":"divorced","system":"urn:uuid:2a72d108-bcc3-4ce2-89b9-ab7ff6fc8fb5","display":"Divorced"}},{"valueCoding":{"id":"8d5b1925-610f-4510-eb34-b521f0a6377d","code":"widowed","system":"urn:uuid:2a72d108-bcc3-4ce2-89b9-ab7ff6fc8fb5","display":"Widowed"}}]},{"linkId":"07938c2f-1784-4301-d12b-5fd5a16c1d5d","type":"choice","text":"Current living situation","required":true,"answerOption":[{"valueCoding":{"id":"15a92c88-57af-4c72-8025-4e5373269ea0","code":"living-alone","system":"urn:uuid:cb237cf9-07ed-4518-f53c-b4f695952822","display":"Living alone"}},{"valueCoding":{"id":"5b562b4f-cb92-4e6b-9e23-94bd964dd7fe","code":"living-together-with-partner","system":"urn:uuid:cb237cf9-07ed-4518-f53c-b4f695952822","display":"Living together with partner"}},{"valueCoding":{"id":"891a3878-04fa-421a-8f13-a928fab20a10","code":"living-together-with-children","system":"urn:uuid:cb237cf9-07ed-4518-f53c-b4f695952822","display":"Living together with children"}},{"valueCoding":{"id":"ae1904b0-af98-4d76-861c-f20ad91ef6ab","code":"living-together-with-parents","system":"urn:uuid:cb237cf9-07ed-4518-f53c-b4f695952822","display":"Living together with parents"}},{"valueCoding":{"id":"395e1d34-2ce0-4831-e5fe-2d37068d6dc0","code":"other-","system":"urn:uuid:cb237cf9-07ed-4518-f53c-b4f695952822","display":"Other "}}]},{"linkId":"bc384e95-37e4-45ba-8036-f64542eb6643","type":"choice","text":"What is your highest level of education?","required":true,"answerOption":[{"valueCoding":{"id":"d7127dec-b257-417a-b196-891efe184d5a","code":"no-school-certificate","system":"urn:uuid:309e68e7-bd65-4daa-cd63-c4259de23771","display":"No school certificate"}},{"valueCoding":{"id":"672cbd04-a88a-48eb-9a9c-ee4886d0b7ca","code":"high-school-diploma","system":"urn:uuid:309e68e7-bd65-4daa-cd63-c4259de23771","display":"High school diploma"}},{"valueCoding":{"id":"a331b190-e47c-4d4c-8622-d8f2aa7554d7","code":"college-degree","system":"urn:uuid:309e68e7-bd65-4daa-cd63-c4259de23771","display":"College degree"}},{"valueCoding":{"id":"86551785-fbf8-4a0e-d841-3e035b8309ee","code":"master-degree","system":"urn:uuid:309e68e7-bd65-4daa-cd63-c4259de23771","display":"Master degree"}},{"valueCoding":{"id":"7361aa77-62e4-4b7e-918b-a71e3d8c78f2","code":"doctorate","system":"urn:uuid:309e68e7-bd65-4daa-cd63-c4259de23771","display":"Doctorate"}}]}]}