{"title":"PHQ-4: Patient Psychological Health Questionnaire","resourceType":"Questionnaire","language":"en-US","status":"draft","publisher":"Stanford Biodesign Digital Health","meta":{"profile":["http://spezi.health/fhir/StructureDefinition/sdf-Questionnaire"],"tag":[{"system":"urn:ietf:bcp:47","code":"en-US","display":"English"}]},"useContext":[{"code":{"system":"http://hl7.org/fhir/ValueSet/usage-context-type","code":"focus","display":"Clinical Focus"},"valueCodeableConcept":{"coding":[{"system":"urn:oid:2.16.578.1.12.4.1.1.8655","display":"PHQ-4: Patient Psychological Health Questionnaire"}]}}],"contact":[{"name":"http://spezi.health"}],"subjectType":["Patient"],"url":"http://spezi.health/fhir/questionnaire/97f6cba7-53ce-4877-8f27-ec34107f6ed2","item":[{"linkId":"9982b729-5920-4c29-8545-4a302fc19281","type":"display","extension":[{"url":"http://hl7.org/fhir/StructureDefinition/questionnaire-itemControl","valueCodeableConcept":{"coding":[{"system":"http://hl7.org/fhir/ValueSet/questionnaire-item-control","code":"highlight"}]}}],"required":false,"text":"Please answer the following questions about your emotional health..."},{"linkId":"c46d94af-01a2-4330-ab81-8882ea23922f","type":"choice","text":"Over the last 2 weeks, how often have you been feeling nervous, anxious or on edge?","required":true,"answerOption":[{"valueCoding":{"id":"3597c9fc-1356-4cd6-8caf-ee7e64689675","code":"0","system":"urn:uuid:3b9ae922-a935-4e17-9128-529acee86d73","display":"0"}},{"valueCoding":{"id":"6b3e01dc-069e-4b9c-8eca-2893020d25c0","code":"1","system":"urn:uuid:3b9ae922-a935-4e17-9128-529acee86d73","display":"1"}},{"valueCoding":{"id":"539f9f36-f14a-4588-9f45-105429bb3166","code":"2","system":"urn:uuid:3b9ae922-a935-4e17-9128-529acee86d73","display":"2"}},{"valueCoding":{"id":"8c9ec15b-0ae2-4776-a382-fe7e81939448","code":"3","system":"urn:uuid:3b9ae922-a935-4e17-9128-529acee86d73","display":"3"}}]},{"linkId":"5aefe4c8-713d-480f-848d-f9a1da01b3ef","type":"choice","required":true,"answerOption":[{"valueCoding":{"id":"915dc31e-11b0-42fd-8f54-0d2be707a8cd","code":"0","system":"urn:uuid:cb2e8069-27e2-48ce-8201-a66a5f66b5ce","display":"0"}},{"valueCoding":{"id":"3c0198b6-265b-4375-82c4-724d507fb9bb","code":"1","system":"urn:uuid:cb2e8069-27e2-48ce-8201-a66a5f66b5ce","display":"1"}},{"valueCoding":{"id":"c42afbc2-fce8-408a-82b0-30b3bed43df9","code":"2","system":"urn:uuid:cb2e8069-27e2-48ce-8201-a66a5f66b5ce","display":"2"}},{"valueCoding":{"id":"92ab5540-7db8-47d1-8f03-97acb005b61a","code":"3","system":"urn:uuid:cb2e8069-27e2-48ce-8201-a66a5f66b5ce","display":"3"}}],"text":"Over the last 2 weeks, how often have you been feeling like you are not being able to stop or control worrying?"},{"linkId":"18c8ec3f-ee89-4659-f6c2-4f11f3a4e6e2","type":"choice","required":true,"answerOption":[{"valueCoding":{"id":"d71a12d1-1ad2-44bb-b3d2-55ddf8bf6293","code":"0","system":"urn:uuid:c9e146ff-5c38-48f2-8931-ed9f602d84cb","display":"0"}},{"valueCoding":{"id":"bd189f8b-7cb3-4c2c-82b6-5170a0a47621","code":"1","system":"urn:uuid:c9e146ff-5c38-48f2-8931-ed9f602d84cb","display":"1"}},{"valueCoding":{"id":"bf5502cb-0151-4fa8-83dc-66fcb6b42716","code":"2","system":"urn:uuid:c9e146ff-5c38-48f2-8931-ed9f602d84cb","display":"2"}},{"valueCoding":{"id":"456cb980-03ec-490a-8dec-b70b568bd409","code":"3","system":"urn:uuid:c9e146ff-5c38-48f2-8931-ed9f602d84cb","display":"3"}}],"text":"Over the last 2 weeks, how often have you been feeling down, depressed or hopeless?"},{"linkId":"90d074a2-1ed8-4eb4-a501-f7f6b4bcf613","type":"choice","text":"Over the last 2 weeks, how often have you had little interest or pleasure in doing things?","required":true,"answerOption":[{"valueCoding":{"id":"1a4817b9-7150-42e4-a482-351e5b9b4f7e","code":"0","system":"urn:uuid:982621a9-1144-4556-c101-25c92dbc455d","display":"0"}},{"valueCoding":{"id":"51d2f0b6-c1d3-4902-d79f-bfc6428477b4","code":"1","system":"urn:uuid:982621a9-1144-4556-c101-25c92dbc455d","display":"1"}},{"valueCoding":{"id":"903fafa2-fd3a-46cc-9265-08c5210378b5","code":"2","system":"urn:uuid:982621a9-1144-4556-c101-25c92dbc455d","display":"2"}},{"valueCoding":{"id":"4776b066-aafd-4ca2-9aa0-b1a0a44a715b","code":"3","system":"urn:uuid:982621a9-1144-4556-c101-25c92dbc455d","display":"3"}}]},{"linkId":"7b97396d-fb04-4226-d40e-ab53e494febd","type":"choice","required":true,"answerOption":[{"valueCoding":{"id":"a2e12388-6dbb-4b49-8601-732c4d5c35fd","code":"0","system":"urn:uuid:881192e0-1608-49eb-d736-4bdcf4e75f43","display":"Not difficult at all"}},{"valueCoding":{"id":"bc4d17f1-423c-45a0-a674-b0528f8753e5","code":"1","system":"urn:uuid:881192e0-1608-49eb-d736-4bdcf4e75f43","display":"Somewhat difficult"}},{"valueCoding":{"id":"12df3a61-5f6c-40f0-9f28-dd7a6b9d3788","code":"2","system":"urn:uuid:881192e0-1608-49eb-d736-4bdcf4e75f43","display":"Difficult"}},{"valueCoding":{"id":"73a7d3a6-5ff1-4dcb-8870-3c443136521f","code":"3","system":"urn:uuid:881192e0-1608-49eb-d736-4bdcf4e75f43","display":"Very difficult"}}],"text":"If you have one or more of these problems, please indicate how much these problems\nhave made it difficult for you to do your work, manage your household or get on with other people."},{"linkId":"cbf857f0-da65-4bbb-813d-81f290a11d99","type":"display","required":false,"extension":[{"url":"http://hl7.org/fhir/StructureDefinition/questionnaire-itemControl","valueCodeableConcept":{"coding":[{"system":"http://hl7.org/fhir/ValueSet/questionnaire-item-control","code":"highlight"}]}}],"text":"Thank you for taking the PHQ-4 questionnaire!"}]}