{"title":"Self-MNA: Mini Nutritional Assessment","resourceType":"Questionnaire","language":"en-US","status":"draft","publisher":"Stanford Biodesign Digital Health","meta":{"profile":["http://spezi.health/fhir/StructureDefinition/sdf-Questionnaire"],"tag":[{"system":"urn:ietf:bcp:47","code":"en-US","display":"English"}]},"useContext":[{"code":{"system":"http://hl7.org/fhir/ValueSet/usage-context-type","code":"focus","display":"Clinical Focus"},"valueCodeableConcept":{"coding":[{"system":"urn:oid:2.16.578.1.12.4.1.1.8655","display":"Self-MNA: Mini Nutritional Assessment"}]}}],"contact":[{"name":"http://spezi.health"}],"subjectType":["Patient"],"url":"http://spezi.health/fhir/questionnaire/9bb26931-40e4-477f-80f2-70392dd805b7","item":[{"linkId":"889b7082-54f3-4fb0-b340-fa2e04da4940","type":"display","text":"Please complete the following questions by choosing ONLY 1 of the options","extension":[{"url":"http://hl7.org/fhir/StructureDefinition/questionnaire-itemControl","valueCodeableConcept":{"coding":[{"system":"http://hl7.org/fhir/ValueSet/questionnaire-item-control","code":"highlight"}]}}],"required":false},{"linkId":"d563eb4c-3c2a-4627-8f2d-169d1fbc973a","type":"choice","text":"Has your food intake declined over the past 3 months?","required":true,"answerOption":[{"valueCoding":{"id":"ba9f9de2-1253-41a6-fca2-60c43140391a","code":"0","system":"urn:uuid:7946251b-fecd-45c3-8198-214a7d8ecfd8","display":"severe decrease in food intake"}},{"valueCoding":{"id":"f3092c7e-692d-4feb-e710-e2fbb9da0e40","code":"1","system":"urn:uuid:7946251b-fecd-45c3-8198-214a7d8ecfd8","display":"moderate decrease in food intake"}},{"valueCoding":{"id":"3b1003e8-9fd8-4eb6-807a-5ebadbec7ac1","code":"2","system":"urn:uuid:7946251b-fecd-45c3-8198-214a7d8ecfd8","display":"no decrease in food intake"}}]},{"linkId":"c002c4fd-2c8f-4a8c-eba1-fc55b92d6bca","type":"choice","text":"How much weight have you lost in the past 3 months?","required":true,"answerOption":[{"valueCoding":{"id":"ba9f9de2-1253-41a6-fca2-60c43140391a","code":"0","system":"urn:uuid:7946251b-fecd-45c3-8198-214a7d8ecfd8","display":"weight loss greater than 7 pounds"}},{"valueCoding":{"id":"6bb50bd2-42f7-4da8-e062-a78d18a52637","code":"1","system":"urn:uuid:7946251b-fecd-45c3-8198-214a7d8ecfd8","display":"I don't know how much weight I lost"}},{"valueCoding":{"id":"f3092c7e-692d-4feb-e710-e2fbb9da0e40","code":"2","system":"urn:uuid:7946251b-fecd-45c3-8198-214a7d8ecfd8","display":"weight loss between 2 and 7 pounds"}},{"valueCoding":{"id":"3b1003e8-9fd8-4eb6-807a-5ebadbec7ac1","code":"3","system":"urn:uuid:7946251b-fecd-45c3-8198-214a7d8ecfd8","display":"weight loss between 0 and 2 pounds"}}]},{"linkId":"02ba0388-a997-4b54-c2a0-ce73ff1eded7","type":"choice","text":"How would you describe your current mobility?","required":true,"answerOption":[{"valueCoding":{"id":"ba9f9de2-1253-41a6-fca2-60c43140391a","code":"0","system":"urn:uuid:7946251b-fecd-45c3-8198-214a7d8ecfd8","display":"unable to get out of a bed, a chair, or a wheelchair without the assistance of another person"}},{"valueCoding":{"id":"f3092c7e-692d-4feb-e710-e2fbb9da0e40","code":"1","system":"urn:uuid:7946251b-fecd-45c3-8198-214a7d8ecfd8","display":"able to get out of bed or a chair, but unable to go out of my home"}},{"valueCoding":{"id":"3b1003e8-9fd8-4eb6-807a-5ebadbec7ac1","code":"2","system":"urn:uuid:7946251b-fecd-45c3-8198-214a7d8ecfd8","display":"able to leave my home"}}]},{"linkId":"33a905c7-a9bd-43bb-8270-cae2bfe7adb1","type":"choice","text":"Have you been stressed or severely ill in the past 3 months?","required":true,"answerOption":[{"valueCoding":{"id":"ba9f9de2-1253-41a6-fca2-60c43140391a","code":"0","system":"urn:uuid:7946251b-fecd-45c3-8198-214a7d8ecfd8","display":"Yes"}},{"valueCoding":{"id":"f3092c7e-692d-4feb-e710-e2fbb9da0e40","code":"2","system":"urn:uuid:7946251b-fecd-45c3-8198-214a7d8ecfd8","display":"No"}}]},{"linkId":"7335913a-16df-4081-d4ec-74157e37b9b3","type":"choice","text":"Are you currently experiencing dementia and/or prolonged severe sadness?","required":true,"answerOption":[{"valueCoding":{"id":"ba9f9de2-1253-41a6-fca2-60c43140391a","code":"0","system":"urn:uuid:7946251b-fecd-45c3-8198-214a7d8ecfd8","display":"Yes, severe dementia and/or prolonged severe sadness"}},{"valueCoding":{"id":"9f6f61b1-d512-4745-bc63-f31dd7d9810b","code":"1","system":"urn:uuid:7946251b-fecd-45c3-8198-214a7d8ecfd8","display":"Yes, mild dementia, but no prolonged severe sadness"}},{"valueCoding":{"id":"f3092c7e-692d-4feb-e710-e2fbb9da0e40","code":"2","system":"urn:uuid:7946251b-fecd-45c3-8198-214a7d8ecfd8","display":"No, neither dementia nor prolonged severe sadness"}}]}]}